{
    "metadata": {
        "name": "Le Garage",
        "inherits": "cura-light"
    },

    "colors": {
        "main_background": [51, 51, 51, 255],
        "message_background": [80, 80, 80, 255],
        "wide_lining": [80, 80, 80, 255],
        "thick_lining": [255, 255, 255, 60],
        "lining": [80, 80, 80, 255],
        "viewport_overlay": [30, 36, 39, 255],

        "primary": [188, 17, 71, 255],
        "primary_hover": [188, 17, 71, 255],
        "primary_text": [255, 255, 255, 204],
        "border": [148, 148, 148, 255],
        "secondary": [80, 80, 80, 255],

        "icon": [188, 17, 71, 255],
		
		"primary_button": [188, 17, 71, 255],
		"primary_button_shadow": [200, 30, 90, 255],
        "primary_button_hover": [188, 17, 71, 255],
        "primary_button_text": [0, 0, 0, 255],

        "secondary_button": [180, 180, 180, 255],
        "secondary_button_shadow": [120, 120, 120, 255],
        "secondary_button_hover": [245, 245, 245, 255],
        "secondary_button_text": [188, 17, 71, 255],
		
		"primary_shadow": [200, 30, 90, 255],
		"action_panel_secondary": [200, 30, 90, 255],
		
        "toolbar_background": [51, 51, 51, 255],
        "toolbar_button_active": [100, 100, 100, 255],
        "toolbar_button_hover": [80, 80, 80, 255],
        "toolbar_button_active_hover": [80, 80, 80, 255],

        "main_window_header_background": [190, 190, 190, 255],
		"main_window_header_background_gradient": [190, 190, 190, 255],
		"main_window_header_button_text_inactive": [120, 120, 120, 255],
        "main_window_header_button_text_hovered": [255, 255, 255, 255],
		"main_window_header_button_background_hovered": [188, 17, 71, 255],
		"main_window_header_button_background_active": [235, 29, 96, 255],

        "machine_selector_bar": [51, 51, 51, 255],
        "machine_selector_active": [51, 51, 51, 255],
        "machine_selector_printer_icon": [204, 204, 204, 255],

        "text": [255, 255, 255, 204],
        "text_detail": [255, 255, 255, 172],
        "text_link": [255, 255, 255, 255],
        "text_inactive": [255, 255, 255, 88],
        "text_hover": [255, 255, 255, 204],
        "text_pressed": [255, 255, 255, 204],
        "text_subtext": [255, 255, 255, 172],
        "text_emphasis": [255, 255, 255, 255],
        "text_scene": [255, 255, 255, 255],
        "text_scene_hover": [255, 255, 255, 255],

        "printer_type_label_background": [80, 80, 80, 255],

        "error": [210, 0, 0, 255],
        "disabled": [32, 32, 32, 255],

        "button": [51, 51, 51, 255],
        "button_hover": [51, 51, 51, 255],
        "button_active": [70, 70, 70, 255],
        "button_active_hover": [70, 70, 70, 255],
        "button_text": [255, 255, 255, 197],
        "button_text_hover": [255, 255, 255, 255],
        "button_text_active": [255, 255, 255, 255],
        "button_text_active_hover": [255, 255, 255, 255],
        "button_disabled": [51, 51, 51, 255],
        "button_disabled_text": [255, 255, 255, 101],

        "small_button": [51, 51, 51, 0],
        "small_button_hover": [51, 51, 51, 255],
        "small_button_active": [70, 70, 70, 255],
        "small_button_active_hover": [70, 70, 70, 255],
        "small_button_text": [255, 255, 255, 197],
        "small_button_text_hover": [255, 255, 255, 255],
        "small_button_text_active": [255, 255, 255, 255],
        "small_button_text_active_hover": [255, 255, 255, 255],

        "button_tooltip": [51, 51, 51, 255],
        "button_tooltip_border": [51, 51, 51, 255],
        "button_tooltip_text": [255, 255, 255, 172],

        "tab_checked": [51, 51, 51, 255],
        "tab_checked_border": [255, 255, 255, 255],
        "tab_checked_text": [255, 255, 255, 255],
        "tab_unchecked": [51, 51, 51, 255],
        "tab_unchecked_border": [255, 255, 255, 30],
        "tab_unchecked_text": [255, 255, 255, 255],
        "tab_hovered": [51, 51, 51, 255],
        "tab_hovered_border": [255, 255, 255, 30],
        "tab_hovered_text": [255, 255, 255, 255],
        "tab_active": [51, 51, 51, 255],
        "tab_active_border": [255, 255, 255, 30],
        "tab_active_text": [255, 255, 255, 255],
        "tab_background": [51, 51, 51, 255],

        "action_button": [51, 51, 51, 255],
        "action_button_text": [255, 255, 255, 200],
        "action_button_border": [255, 255, 255, 30],
        "action_button_hovered": [79, 85, 89, 255],
        "action_button_hovered_text": [255, 255, 255, 255],
        "action_button_hovered_border": [255, 255, 255, 30],
        "action_button_active": [51, 51, 51, 255],
        "action_button_active_text": [255, 255, 255, 255],
        "action_button_active_border": [255, 255, 255, 100],
        "action_button_disabled": [19, 24, 28, 255],
        "action_button_disabled_text": [200, 200, 200, 80],
        "action_button_disabled_border": [255, 255, 255, 30],

        "scrollbar_background": [51, 51, 51, 0],
        "scrollbar_handle": [255, 255, 255, 105],
        "scrollbar_handle_hover": [255, 255, 255, 255],
        "scrollbar_handle_down": [255, 255, 255, 255],

        "setting_category": [70, 70,70, 255],
        "setting_category_disabled": [70, 70,70, 255],
        "setting_category_hover": [70, 70,70, 255],
        "setting_category_active": [70, 70,70, 255],
        "setting_category_active_hover": [70, 70,70, 255],
        "setting_category_text": [255, 255, 255, 152],
        "setting_category_disabled_text": [255, 255, 255, 101],
        "setting_category_hover_text": [255, 255, 255, 204],
        "setting_category_active_text": [255, 255, 255, 204],
        "setting_category_active_hover_text": [255, 255, 255, 204],
        "setting_category_border": [51, 51, 51, 0],
        "setting_category_disabled_border": [51, 51, 51, 0],
        "setting_category_hover_border": [188, 17, 71, 255],
        "setting_category_active_border": [51, 51, 51, 0],
        "setting_category_active_hover_border": [188, 17, 71, 255],

        "setting_control": [46, 46, 46, 255],
        "setting_control_selected": [34, 39, 42, 38],
        "setting_control_highlight": [25, 25, 25, 255],
        "setting_control_border": [255, 255, 255, 38],
        "setting_control_border_highlight": [188, 17, 71, 255],
        "setting_control_text": [255, 255, 255, 181],
        "setting_control_button": [255, 255, 255, 127],
        "setting_control_button_hover": [255, 255, 255, 204],
        "setting_control_disabled": [56, 56, 56, 255],
        "setting_control_disabled_text": [255, 255, 255, 101],
        "setting_control_disabled_border": [255, 255, 255, 101],
        "setting_unit": [255, 255, 255, 127],
        "setting_validation_error_background": [59, 31, 53, 255],
        "setting_validation_error": [210, 0, 0, 255],
        "setting_validation_warning_background": [63, 35, 44, 255],
        "setting_validation_warning": [190, 0, 0, 255],
        "setting_validation_ok": [41, 41, 41, 255],

        "progressbar_background": [255, 255, 255, 48],
        "progressbar_control": [255, 255, 255, 197],

        "slider_groove": [148, 148, 148, 255],
        "slider_groove_border": [148, 148, 148, 255],
        "slider_groove_fill": [245, 245, 245, 255],
        "slider_handle": [188, 17, 71, 255],
        "slider_handle_active": [188, 17, 71, 255],
        "slider_text_background": [255, 255, 255, 255],

        "checkbox": [25, 25, 25, 255],
        "checkbox_hover": [25, 25, 25, 255],
        "checkbox_border": [255, 255, 255, 38],
        "checkbox_border_hover": [255, 255, 255, 38],
        "checkbox_mark": [255, 255, 255, 181],
        "checkbox_text": [255, 255, 255, 181],

        "tooltip": [51, 51, 51, 255],
        "tooltip_text": [255, 255, 255, 204],

        "tool_panel_background": [51, 51, 51, 255],

        "tool_button_border": [255, 255, 255, 38],

        "status_offline": [0, 0, 0, 255],
        "status_ready": [0, 136, 0, 255],
        "status_busy": [188, 17, 71, 255],
        "status_paused": [255, 140, 0, 255],
        "status_stopped": [190, 0, 0, 255],
        "status_unknown": [148, 148, 148, 255],

        "disabled_axis": [148, 148, 148, 255],
        "x_axis": [255, 0, 0, 255],
        "y_axis": [96, 96, 255, 255],
        "z_axis": [0, 255, 0, 255],
        "all_axis": [255, 255, 255, 255],

        "viewport_background": [25, 25, 25, 255],
        "volume_outline": [227, 11, 92, 128],
        "buildplate": [169, 169, 169, 255],
        "buildplate_grid": [129, 131, 134, 255],
        "buildplate_grid_minor": [154, 154, 155, 255],

        "convex_hull": [35, 35, 35, 127],
        "disallowed_area": [0, 0, 0, 52],
        "error_area": [255, 0, 0, 127],

        "model_default": [255, 201, 36, 255],
        "model_overhang": [255, 0, 0, 255],
        "model_unslicable": [122, 122, 122, 255],
        "model_unslicable_alt": [172, 172, 127, 255],
        "model_selection_outline": [188, 17, 71, 255],

        "xray": [26,  26,  62, 255],
        "xray_error": [255,  0,  0, 255],

        "layerview_ghost": [31, 31, 31, 95],
        "layerview_none": [255, 255, 255, 255],
        "layerview_inset_0": [255, 0, 0, 255],
        "layerview_inset_x": [0, 255, 0, 255],
        "layerview_skin": [255, 255, 0, 255],
        "layerview_support": [0, 255, 255, 255],
        "layerview_skirt": [0, 255, 255, 255],
        "layerview_infill": [255, 127, 0, 255],
        "layerview_support_infill": [0, 255, 255, 255],
        "layerview_move_combing": [0, 0, 255, 255],
        "layerview_move_retraction": [128, 127, 255, 255],
        "layerview_support_interface": [63, 127, 255, 255],
        "layerview_prime_tower": [0, 255, 255, 255],
        "layerview_nozzle": [181, 166, 66, 50],

        "material_compatibility_warning": [255, 255, 255, 255],

        "quality_slider_unavailable": [179, 179, 179, 255],
        "quality_slider_available": [255, 255, 255, 255],

        "toolbox_header_button_text_active": [255, 255, 255, 255],
        "toolbox_header_button_text_inactive": [128, 128, 128, 255],

        "monitor_printer_family_tag": [86, 86, 106, 255],
        "monitor_text_primary": [229, 229, 229, 255],
        "monitor_text_disabled": [102, 102, 102, 255],
        "monitor_text_link": [103, 160, 252, 255],
        "monitor_icon_primary": [188, 17, 71, 255],
        "monitor_icon_accent": [51, 53, 54, 255],
        "monitor_icon_disabled": [102, 102, 102, 255],

        "monitor_secondary_button_hover": [80, 80, 80, 255],
        "monitor_secondary_button": [92, 92, 92, 255],
        "monitor_secondary_button_text": [250, 250, 250, 255],
        "monitor_secondary_button_shadow": [74, 74, 74, 255],

        "monitor_card_border": [102, 102, 102, 255],
        "monitor_card_background": [51, 53, 54, 255],
        "monitor_card_hover": [84, 89, 95, 255],

        "monitor_stage_background": [30, 36, 39, 255],
        "monitor_stage_background_fade": [30, 36, 39, 102],

        "monitor_progress_bar_fill": [188, 17, 171, 255],
        "monitor_progress_bar_deactive": [102, 102, 102, 255],
        "monitor_progress_bar_empty": [67, 67, 67, 255],

        "monitor_tooltip": [25, 25, 25, 255],
        "monitor_tooltip_text": [229, 229, 229, 255],
        "monitor_context_menu": [67, 67, 67, 255],
        "monitor_context_menu_hover": [188, 17, 171, 255],

        "monitor_skeleton_loading": [102, 102, 102, 255],
        "monitor_placeholder_image": [102, 102, 102, 255],
        "monitor_image_overlay": [0, 0, 0, 255],
        "monitor_shadow": [4, 10, 13, 255],

        "monitor_carousel_dot": [119, 119, 119, 255],
        "monitor_carousel_dot_current": [216, 216, 216, 255]
    }
}
